E,vf,vf_max,vf_min
1.85651e+14,4.95664e-11,1.65673e-10,2.14561e-11
7.89781e+15,4.95664e-11,1.65673e-10,2.14561e-11
